language,sentences,chars,tokens_cl100k_base,ratio_cl100k_base,chars_per_token_cl100k_base,tokens_o200k_base,ratio_o200k_base,chars_per_token_o200k_base
shn_Mymr,1012,188284,407164,14.9792,0.462,213080,7.9291,0.884
sat_Olck,1012,139791,346245,12.738,0.404,368158,13.6999,0.38
ory_Orya,1012,134839,337072,12.4006,0.4,133961,4.985,1.007
dzo_Tibt,1012,163408,330047,12.1421,0.495,241756,8.9962,0.676
mya_Mymr,1012,163169,315796,11.6178,0.517,85029,3.1641,1.919
bod_Tibt,1012,148231,304033,11.1851,0.488,217625,8.0983,0.681
taq_Tfng,1012,123925,274485,10.098,0.451,274417,10.2116,0.452
tzm_Tfng,1012,117981,272699,10.0323,0.433,272694,10.1475,0.433
hye_Armn,1012,145956,268572,9.8805,0.543,48032,1.7874,3.039
kat_Geor,1012,143932,265053,9.751,0.543,47980,1.7854,3.0
lao_Laoo,1012,130089,259443,9.5447,0.501,221164,8.23,0.588
mal_Mlym,1012,149336,242932,8.9372,0.615,52584,1.9568,2.84
kan_Knda,1012,138140,240818,8.8595,0.574,52975,1.9713,2.608
khm_Khmr,1012,153214,236895,8.7151,0.647,89642,3.3358,1.709
sin_Sinh,1012,131080,235883,8.6779,0.556,72432,2.6953,1.81
tel_Telu,1012,132505,225286,8.2881,0.588,51863,1.9299,2.555
pan_Guru,1012,133425,213407,7.851,0.625,70345,2.6177,1.897
tir_Ethi,1012,90701,211420,7.7779,0.429,160330,5.9662,0.566
guj_Gujr,1012,126428,208278,7.6624,0.607,48135,1.7912,2.627
tam_Taml,1012,154133,207772,7.6437,0.742,53199,1.9796,2.897
amh_Ethi,1012,87132,206404,7.5934,0.422,155290,5.7787,0.561
mni_Beng,1012,136821,182363,6.709,0.75,82575,3.0728,1.657
asm_Beng,1012,125943,167224,6.152,0.753,53440,1.9886,2.357
ben_Beng,1012,129042,157626,5.7989,0.819,45592,1.6966,2.83
ydd_Hebr,1012,141826,150523,5.5376,0.942,54391,2.024,2.608
uig_Arab,1012,140477,140539,5.1703,1.0,67672,2.5182,2.076
ell_Grek,1012,157781,139449,5.1302,1.131,57519,2.1404,2.743
mar_Deva,1012,133252,137410,5.0552,0.97,48965,1.8221,2.721
san_Deva,1012,128374,134349,4.9426,0.956,56143,2.0892,2.287
mai_Deva,1012,129411,132546,4.8762,0.976,47257,1.7585,2.738
ckb_Arab,1012,128586,130360,4.7958,0.986,74443,2.7702,1.727
npi_Deva,1012,126903,129516,4.7648,0.98,43377,1.6141,2.926
hin_Deva,1012,131079,129364,4.7592,1.013,42292,1.5738,3.099
awa_Deva,1012,128213,129015,4.7463,0.994,45862,1.7066,2.796
kbp_Latn,1012,143030,127857,4.7037,1.119,104832,3.901,1.364
mag_Deva,1012,126695,127301,4.6833,0.995,46142,1.717,2.746
bho_Deva,1012,128636,127238,4.681,1.011,47631,1.7724,2.701
hne_Deva,1012,126961,126893,4.6683,1.001,46474,1.7294,2.732
kas_Deva,1012,126505,126716,4.6618,0.998,60030,2.2338,2.107
kas_Arab,1012,126229,125155,4.6043,1.009,70110,2.6089,1.8
tha_Thai,1012,126362,118297,4.352,1.068,52781,1.9641,2.394
urd_Arab,1012,129920,117958,4.3396,1.101,44413,1.6527,2.925
bak_Cyrl,1012,133243,115687,4.256,1.152,46908,1.7455,2.841
nus_Latn,1012,142765,108741,4.0005,1.313,87369,3.2512,1.634
snd_Arab,1012,119588,108231,3.9817,1.105,45957,1.7102,2.602
min_Arab,1012,126418,107966,3.972,1.171,71482,2.66,1.769
kaz_Cyrl,1012,135437,102824,3.7828,1.317,42609,1.5856,3.179
bjn_Arab,1012,122250,102640,3.776,1.191,68271,2.5405,1.791
ace_Arab,1012,111639,102556,3.7729,1.089,70305,2.6162,1.588
pbt_Arab,1012,122456,102084,3.7556,1.2,46064,1.7141,2.658
khk_Cyrl,1012,137068,101863,3.7474,1.346,50793,1.8901,2.699
tat_Cyrl,1012,133285,101354,3.7287,1.315,46981,1.7483,2.837
fon_Latn,1012,135280,99536,3.6618,1.359,77545,2.8856,1.745
heb_Hebr,1012,102054,99031,3.6433,1.031,39861,1.4833,2.56
knc_Arab,1012,116021,98501,3.6238,1.178,74239,2.7626,1.563
tgk_Cyrl,1012,145871,98431,3.6212,1.482,50861,1.8926,2.868
kir_Cyrl,1012,135550,95275,3.5051,1.423,44975,1.6736,3.014
bel_Cyrl,1012,148009,95089,3.4982,1.557,53357,1.9855,2.774
azb_Arab,1012,117124,90275,3.3211,1.297,49934,1.8581,2.346
kik_Latn,1012,153624,88619,3.2602,1.734,69832,2.5986,2.2
pes_Arab,1012,123830,88513,3.2563,1.399,41116,1.53,3.012
prs_Arab,1012,120665,85580,3.1484,1.41,39668,1.4761,3.042
ars_Arab,1012,116431,82417,3.032,1.413,37236,1.3856,3.127
arb_Arab,1012,116320,82288,3.0273,1.414,37117,1.3812,3.134
acq_Arab,1012,115123,81630,3.0031,1.41,37351,1.3899,3.082
acm_Arab,1012,113626,80913,2.9767,1.404,37097,1.3805,3.063
ukr_Cyrl,1012,134502,80652,2.9671,1.668,47004,1.7491,2.862
ary_Arab,1012,113566,80384,2.9573,1.413,39849,1.4829,2.85
yor_Latn,1012,126848,80247,2.9522,1.581,58238,2.1672,2.178
arz_Arab,1012,113770,80244,2.9521,1.418,37772,1.4056,3.012
aeb_Arab,1012,112102,79176,2.9128,1.416,38176,1.4206,2.936
srp_Cyrl,1012,130790,78865,2.9014,1.658,47827,1.7797,2.735
ajp_Arab,1012,109051,76977,2.8319,1.417,36011,1.34,3.028
apc_Arab,1012,107985,76568,2.8169,1.41,36157,1.3455,2.987
mkd_Cyrl,1012,137827,75048,2.7609,1.837,47955,1.7845,2.874
ewe_Latn,1012,127469,74321,2.7342,1.715,62879,2.3399,2.027
aka_Latn,1012,132653,73257,2.6951,1.811,56050,2.0857,2.367
azj_Latn,1012,143787,71731,2.6389,2.005,46078,1.7147,3.121
bul_Cyrl,1012,137826,71509,2.6307,1.927,46038,1.7132,2.994
tum_Latn,1012,172564,70053,2.5772,2.463,56617,2.1068,3.048
bam_Latn,1012,126501,69553,2.5588,1.819,54775,2.0383,2.309
twi_Latn,1012,128620,68002,2.5017,1.891,49890,1.8565,2.578
ibo_Latn,1012,134560,66987,2.4644,2.009,44757,1.6655,3.006
kab_Latn,1012,130575,66971,2.4638,1.95,57481,2.139,2.272
rus_Cyrl,1012,142096,66928,2.4622,2.123,38188,1.4211,3.721
arb_Latn,1012,153862,66586,2.4496,2.311,60544,2.253,2.541
vie_Latn,1012,138595,66427,2.4438,2.086,40030,1.4896,3.462
mlt_Latn,1012,146288,65712,2.4175,2.226,50208,1.8683,2.914
gla_Latn,1012,162636,65564,2.412,2.481,53453,1.9891,3.043
tuk_Latn,1012,140262,65442,2.4075,2.143,44819,1.6678,3.13
knc_Latn,1012,138994,64840,2.3854,2.144,57112,2.1253,2.434
kac_Latn,1012,169947,64704,2.3804,2.627,57478,2.1389,2.957
kor_Hang,1012,65965,64338,2.3669,1.025,39566,1.4723,1.667
mri_Latn,1012,146566,64189,2.3615,2.283,49100,1.8271,2.985
lvs_Latn,1012,134157,63683,2.3428,2.107,48725,1.8132,2.753
gle_Latn,1012,152482,63171,2.324,2.414,49672,1.8484,3.07
gaz_Latn,1012,156418,62907,2.3143,2.486,50501,1.8792,3.097
mos_Latn,1012,124678,62070,2.2835,2.009,54711,2.0359,2.279
smo_Latn,1012,152744,61931,2.2784,2.466,51716,1.9245,2.954
jpn_Jpan,1012,56943,61583,2.2656,0.925,44559,1.6581,1.278
tsn_Latn,1012,163035,61568,2.265,2.648,51296,1.9088,3.178
tso_Latn,1012,158200,61379,2.2581,2.577,46858,1.7437,3.376
plt_Latn,1012,160996,61139,2.2492,2.633,48172,1.7926,3.342
als_Latn,1012,147080,61062,2.2464,2.409,49212,1.8313,2.989
dik_Latn,1012,111907,60856,2.2388,1.839,49931,1.858,2.241
taq_Latn,1012,124438,60256,2.2168,2.065,55803,2.0765,2.23
bem_Latn,1012,160772,60183,2.2141,2.671,52000,1.935,3.092
sot_Latn,1012,158755,60162,2.2133,2.639,49337,1.8359,3.218
zul_Latn,1012,148364,60145,2.2127,2.467,46239,1.7206,3.209
som_Latn,1012,151662,60010,2.2077,2.527,46309,1.7233,3.275
kmr_Latn,1012,130372,59845,2.2016,2.178,54197,2.0168,2.406
ltg_Latn,1012,129891,59714,2.1968,2.175,50671,1.8856,2.563
lit_Latn,1012,130329,59503,2.1891,2.19,45032,1.6757,2.894
szl_Latn,1012,137383,59404,2.1854,2.313,52781,1.9641,2.603
nso_Latn,1012,151110,59380,2.1845,2.545,50005,1.8608,3.022
ayr_Latn,1012,138620,59162,2.1765,2.343,52120,1.9395,2.66
kam_Latn,1012,128359,59051,2.1724,2.174,48927,1.8207,2.623
uzn_Latn,1012,149324,58932,2.1681,2.534,47712,1.7755,3.13
grn_Latn,1012,132972,58917,2.1675,2.257,47785,1.7782,2.783
ssw_Latn,1012,148749,58899,2.1668,2.525,48556,1.8069,3.063
fij_Latn,1012,155177,58777,2.1624,2.64,49776,1.8523,3.118
hun_Latn,1012,138635,58412,2.1489,2.373,48209,1.794,2.876
zho_Hant,1012,40722,58198,2.141,0.7,38098,1.4177,1.069
isl_Latn,1012,129785,58147,2.1392,2.232,43227,1.6086,3.002
run_Latn,1012,147265,58144,2.1391,2.533,47844,1.7804,3.078
cym_Latn,1012,141273,58030,2.1349,2.434,46739,1.7393,3.023
sna_Latn,1012,147624,58014,2.1343,2.545,45703,1.7007,3.23
kmb_Latn,1012,145765,57992,2.1335,2.514,49272,1.8335,2.958
kin_Latn,1012,145883,57937,2.1314,2.518,46030,1.7129,3.169
slk_Latn,1012,131710,57882,2.1294,2.275,45067,1.677,2.923
crh_Latn,1012,134456,57362,2.1103,2.344,46301,1.723,2.904
ces_Latn,1012,127257,57116,2.1012,2.228,42911,1.5968,2.966
yue_Hant,1012,40042,56853,2.0916,0.704,37087,1.3801,1.08
quy_Latn,1012,141030,56598,2.0822,2.492,49166,1.8296,2.868
nya_Latn,1012,147203,56584,2.0817,2.601,43324,1.6122,3.398
sag_Latn,1012,142642,56547,2.0803,2.523,48955,1.8217,2.914
fao_Latn,1012,134298,56479,2.0778,2.378,44469,1.6548,3.02
dyu_Latn,1012,132856,56060,2.0624,2.37,49939,1.8583,2.66
tgl_Latn,1012,166517,56024,2.0611,2.972,45545,1.6948,3.656
xho_Latn,1012,139125,55859,2.055,2.491,43995,1.6371,3.162
ilo_Latn,1012,159680,55701,2.0492,2.867,49533,1.8432,3.224
tpi_Latn,1012,169014,55504,2.0419,3.045,48170,1.7925,3.509
lmo_Latn,1012,141687,55426,2.0391,2.556,49557,1.8441,2.859
umb_Latn,1012,134750,55268,2.0333,2.438,48072,1.7889,2.803
scn_Latn,1012,138571,54380,2.0006,2.548,48721,1.813,2.844
ace_Latn,1012,141951,54210,1.9943,2.619,48783,1.8153,2.91
hau_Latn,1012,140069,54202,1.994,2.584,41660,1.5503,3.362
fin_Latn,1012,140141,54197,1.9939,2.586,41958,1.5613,3.34
kon_Latn,1012,149928,54141,1.9918,2.769,47266,1.7589,3.172
srd_Latn,1012,153367,54037,1.988,2.838,47966,1.7849,3.197
lus_Latn,1012,146368,54021,1.9874,2.709,49120,1.8279,2.98
ltz_Latn,1012,147546,53946,1.9846,2.735,44823,1.668,3.292
lij_Latn,1012,146014,53780,1.9785,2.715,48625,1.8094,3.003
bug_Latn,1012,139389,53385,1.964,2.611,46734,1.7391,2.983
lug_Latn,1012,135102,53354,1.9628,2.532,44673,1.6624,3.024
cjk_Latn,1012,139282,53310,1.9612,2.613,46525,1.7313,2.994
war_Latn,1012,164766,53137,1.9549,3.101,46226,1.7202,3.564
swh_Latn,1012,138106,53119,1.9542,2.6,39924,1.4857,3.459
lua_Latn,1012,142998,53066,1.9522,2.695,45659,1.6991,3.132
wol_Latn,1012,127173,52513,1.9319,2.422,46548,1.7321,2.732
ceb_Latn,1012,158685,52471,1.9304,3.024,45021,1.6753,3.525
tur_Latn,1012,135778,52222,1.9212,2.6,38458,1.4311,3.531
pol_Latn,1012,139485,52026,1.914,2.681,44032,1.6385,3.168
slv_Latn,1012,130855,51225,1.8845,2.555,40617,1.5114,3.222
eus_Latn,1012,139846,51142,1.8815,2.734,43098,1.6038,3.245
ron_Latn,1012,148607,51012,1.8767,2.913,43866,1.6323,3.388
bos_Latn,1012,132199,50913,1.873,2.597,40309,1.5,3.28
est_Latn,1012,129459,50885,1.872,2.544,40184,1.4953,3.222
lin_Latn,1012,142197,50850,1.8707,2.796,43452,1.6169,3.273
zho_Hans,1012,43251,50811,1.8693,0.851,33555,1.2487,1.289
epo_Latn,1012,131292,50712,1.8656,2.589,41007,1.526,3.202
fuv_Latn,1012,122162,50364,1.8528,2.426,43017,1.6008,2.84
fur_Latn,1012,144538,50268,1.8493,2.875,46556,1.7324,3.105
hrv_Latn,1012,128914,50074,1.8422,2.574,39758,1.4795,3.242
oci_Latn,1012,150651,49747,1.8301,3.028,43030,1.6012,3.501
luo_Latn,1012,137546,49518,1.8217,2.778,45035,1.6758,3.054
sun_Latn,1012,136847,49397,1.8173,2.77,37219,1.385,3.677
lim_Latn,1012,137707,49239,1.8115,2.797,43140,1.6053,3.192
ban_Latn,1012,145657,48689,1.7912,2.992,42254,1.5724,3.447
min_Latn,1012,141182,48361,1.7792,2.919,41924,1.5601,3.368
pap_Latn,1012,139174,47502,1.7476,2.93,42571,1.5842,3.269
hat_Latn,1012,121286,47250,1.7383,2.567,37945,1.412,3.196
jav_Latn,1012,136928,46981,1.7284,2.915,36826,1.3704,3.718
kea_Latn,1012,130825,46924,1.7263,2.788,41598,1.5479,3.145
cat_Latn,1012,145796,46482,1.71,3.137,39849,1.4829,3.659
bjn_Latn,1012,138202,46479,1.7099,2.973,38913,1.448,3.552
vec_Latn,1012,133256,46350,1.7052,2.875,41815,1.556,3.187
afr_Latn,1012,139691,45897,1.6885,3.044,38362,1.4275,3.641
nno_Latn,1012,133464,44605,1.641,2.992,37806,1.4068,3.53
ita_Latn,1012,156138,44594,1.6406,3.501,39479,1.4691,3.955
dan_Latn,1012,135459,44244,1.6277,3.062,37486,1.3949,3.614
zsm_Latn,1012,146218,43979,1.6179,3.325,34960,1.3009,4.182
fra_Latn,1012,157688,43710,1.608,3.608,36808,1.3697,4.284
nld_Latn,1012,147529,43583,1.6034,3.385,33514,1.2471,4.402
ast_Latn,1012,136658,43184,1.5887,3.165,38260,1.4237,3.572
deu_Latn,1012,153809,43103,1.5857,3.568,35224,1.3108,4.367
swe_Latn,1012,132173,42861,1.5768,3.084,36287,1.3503,3.642
glg_Latn,1012,146143,42448,1.5616,3.443,35880,1.3352,4.073
nob_Latn,1012,132139,42442,1.5614,3.113,36254,1.3491,3.645
pag_Latn,1012,129924,42248,1.5543,3.075,38385,1.4284,3.385
ind_Latn,1012,142406,42162,1.5511,3.378,33570,1.2492,4.242
spa_Latn,1012,157041,41974,1.5442,3.741,35415,1.3179,4.434
por_Latn,1012,143489,40179,1.4781,3.571,32922,1.2251,4.358
eng_Latn,1012,131966,27182,1.0,4.855,26873,1.0,4.911
